﻿<?xml version="1.0"?>
<doc>
<assembly>
<name>
ShopManager
</name>
</assembly>
<members>
<member name="T:GolfManager.Form2ndMonitor.dynamicTextBox">
 <summary>
 토픽과 텍스트박스를 하나로 묶어서 표시단위 클래스
 </summary>
</member>
<member name="T:GolfManager.My.Resources.Resources">
<summary>
  A strongly-typed resource class, for looking up localized strings, etc.
</summary>
</member>
<member name="P:GolfManager.My.Resources.Resources.ResourceManager">
<summary>
  Returns the cached ResourceManager instance used by this class.
</summary>
</member>
<member name="P:GolfManager.My.Resources.Resources.Culture">
<summary>
  Overrides the current thread's CurrentUICulture property for all
  resource lookups using this strongly typed resource class.
</summary>
</member>
<member name="P:GolfManager.My.Resources.Resources._Exit">
<summary>
  Looks up a localized resource of type System.Drawing.Bitmap.
</summary>
</member>
<member name="P:GolfManager.My.Resources.Resources.facebook">
<summary>
  Looks up a localized resource of type System.Drawing.Bitmap.
</summary>
</member>
<member name="P:GolfManager.My.Resources.Resources.instagram">
<summary>
  Looks up a localized resource of type System.Drawing.Bitmap.
</summary>
</member>
<member name="P:GolfManager.My.Resources.Resources.logo_01">
<summary>
  Looks up a localized resource of type System.Drawing.Bitmap.
</summary>
</member>
<member name="P:GolfManager.My.Resources.Resources.logo_golficon">
<summary>
  Looks up a localized resource of type System.Drawing.Bitmap.
</summary>
</member>
<member name="P:GolfManager.My.Resources.Resources.settings">
<summary>
  Looks up a localized resource of type System.Drawing.Bitmap.
</summary>
</member>
</members>
</doc>
